{
    "counter": {
        "ACTIVE": 2423,
        "INACTIVE": 0,
        "INVALID": 11,
        "MALICIOUS": 0,
        "SANE": 0,
        "VALID": 0,
        "total": 2434
    },
    "percentage": {
        "ACTIVE": 99.5480690221857,
        "INACTIVE": 0,
        "INVALID": 0.45492142266335817,
        "MALICIOUS": 0,
        "SANE": 0,
        "VALID": 0,
        "total": 100.00299044484906
    }
}