{
    "counter": {
        "ACTIVE": 1576,
        "INACTIVE": 0,
        "INVALID": 1,
        "MALICIOUS": 0,
        "SANE": 0,
        "VALID": 0,
        "total": 1577
    },
    "percentage": {
        "ACTIVE": 99.93658845909955,
        "INACTIVE": 0,
        "INVALID": 0.17825311942959002,
        "MALICIOUS": 0,
        "SANE": 0,
        "VALID": 0,
        "total": 100.11484157852914
    }
}