{
    "counter": {
        "ACTIVE": 2346,
        "INACTIVE": 1,
        "INVALID": 10,
        "MALICIOUS": 0,
        "SANE": 0,
        "VALID": 0,
        "total": 2357
    },
    "percentage": {
        "ACTIVE": 99.53330504879084,
        "INACTIVE": 0.06443298969072164,
        "INVALID": 0.425531914893617,
        "MALICIOUS": 0,
        "SANE": 0,
        "VALID": 0,
        "total": 100.02326995337516
    }
}