{
    "counter": {
        "ACTIVE": 1858,
        "INACTIVE": 6,
        "INVALID": 0,
        "MALICIOUS": 0,
        "SANE": 0,
        "VALID": 0,
        "total": 1864
    },
    "percentage": {
        "ACTIVE": 99.67811158798283,
        "INACTIVE": 0.38684719535783363,
        "INVALID": 0,
        "MALICIOUS": 0,
        "SANE": 0,
        "VALID": 0,
        "total": 100.06495878334066
    }
}