{
    "counter": {
        "ACTIVE": 2490,
        "INACTIVE": 2,
        "INVALID": 0,
        "MALICIOUS": 0,
        "SANE": 0,
        "VALID": 0,
        "total": 2492
    },
    "percentage": {
        "ACTIVE": 99.91974317817015,
        "INACTIVE": 0.10251153254741159,
        "INVALID": 0,
        "MALICIOUS": 0,
        "SANE": 0,
        "VALID": 0,
        "total": 100.02225471071756
    }
}