{
    "counter": {
        "ACTIVE": 1382,
        "INACTIVE": 717,
        "INVALID": 1921,
        "MALICIOUS": 0,
        "SANE": 0,
        "VALID": 0,
        "total": 4020
    },
    "percentage": {
        "ACTIVE": 34.438076252180416,
        "INACTIVE": 24.141414141414142,
        "INVALID": 47.78606965174129,
        "MALICIOUS": 0,
        "SANE": 0,
        "VALID": 0,
        "total": 106.36556004533585
    }
}