{
    "counter": {
        "ACTIVE": 2406,
        "INACTIVE": 0,
        "INVALID": 11,
        "MALICIOUS": 0,
        "SANE": 0,
        "VALID": 0,
        "total": 2417
    },
    "percentage": {
        "ACTIVE": 99.54489035995036,
        "INACTIVE": 0,
        "INVALID": 0.45814244064972925,
        "MALICIOUS": 0,
        "SANE": 0,
        "VALID": 0,
        "total": 100.00303280060008
    }
}