{
    "counter": {
        "ACTIVE": 1446,
        "INACTIVE": 719,
        "INVALID": 2864,
        "MALICIOUS": 0,
        "SANE": 0,
        "VALID": 0,
        "total": 5029
    },
    "percentage": {
        "ACTIVE": 28.753231258699543,
        "INACTIVE": 14.948024948024948,
        "INVALID": 56.97234931370599,
        "MALICIOUS": 0,
        "SANE": 0,
        "VALID": 0,
        "total": 100.67360552043048
    }
}