{
    "counter": {
        "ACTIVE": 1204,
        "INACTIVE": 715,
        "INVALID": 803,
        "MALICIOUS": 0,
        "SANE": 0,
        "VALID": 0,
        "total": 2722
    },
    "percentage": {
        "ACTIVE": 44.23218221895665,
        "INACTIVE": 26.354589015849612,
        "INVALID": 29.62006639616378,
        "MALICIOUS": 0,
        "SANE": 0,
        "VALID": 0,
        "total": 100.20683763097004
    }
}