{
    "counter": {
        "ACTIVE": 1379,
        "INACTIVE": 717,
        "INVALID": 1683,
        "MALICIOUS": 0,
        "SANE": 0,
        "VALID": 0,
        "total": 3779
    },
    "percentage": {
        "ACTIVE": 44.05750798722045,
        "INACTIVE": 24.141414141414142,
        "INVALID": 44.535591426303256,
        "MALICIOUS": 0,
        "SANE": 0,
        "VALID": 0,
        "total": 112.73451355493785
    }
}