{
    "counter": {
        "ACTIVE": 143,
        "INACTIVE": 0,
        "INVALID": 3,
        "MALICIOUS": 0,
        "SANE": 0,
        "VALID": 0,
        "total": 146
    },
    "percentage": {
        "ACTIVE": 97.94520547945206,
        "INACTIVE": 0,
        "INVALID": 2.0833333333333335,
        "MALICIOUS": 0,
        "SANE": 0,
        "VALID": 0,
        "total": 100.02853881278538
    }
}