{
    "counter": {
        "ACTIVE": 1383,
        "INACTIVE": 717,
        "INVALID": 2525,
        "MALICIOUS": 0,
        "SANE": 0,
        "VALID": 0,
        "total": 4625
    },
    "percentage": {
        "ACTIVE": 30.76067615658363,
        "INACTIVE": 24.141414141414142,
        "INVALID": 54.5945945945946,
        "MALICIOUS": 0,
        "SANE": 0,
        "VALID": 0,
        "total": 109.49668489259237
    }
}