{
    "counter": {
        "ACTIVE": 2332,
        "INACTIVE": 0,
        "INVALID": 4,
        "MALICIOUS": 0,
        "SANE": 0,
        "VALID": 0,
        "total": 2336
    },
    "percentage": {
        "ACTIVE": 99.82876712328768,
        "INACTIVE": 0,
        "INVALID": 0.17301038062283736,
        "MALICIOUS": 0,
        "SANE": 0,
        "VALID": 0,
        "total": 100.00177750391052
    }
}