{
    "counter": {
        "ACTIVE": 305,
        "INACTIVE": 497,
        "INVALID": 631,
        "MALICIOUS": 0,
        "SANE": 0,
        "VALID": 0,
        "total": 1433
    },
    "percentage": {
        "ACTIVE": 21.524347212420608,
        "INACTIVE": 34.68248429867411,
        "INVALID": 44.064245810055866,
        "MALICIOUS": 0,
        "SANE": 0,
        "VALID": 0,
        "total": 100.27107732115059
    }
}