{
    "counter": {
        "ACTIVE": 2504,
        "INACTIVE": 0,
        "INVALID": 154,
        "MALICIOUS": 0,
        "SANE": 0,
        "VALID": 0,
        "total": 2658
    },
    "percentage": {
        "ACTIVE": 94.20617005267118,
        "INACTIVE": 0,
        "INVALID": 5.83112457402499,
        "MALICIOUS": 0,
        "SANE": 0,
        "VALID": 0,
        "total": 100.03729462669617
    }
}