{
    "counter": {
        "ACTIVE": 2349,
        "INACTIVE": 0,
        "INVALID": 6,
        "MALICIOUS": 0,
        "SANE": 0,
        "VALID": 0,
        "total": 2355
    },
    "percentage": {
        "ACTIVE": 99.7452229299363,
        "INACTIVE": 0,
        "INVALID": 0.25651988029072254,
        "MALICIOUS": 0,
        "SANE": 0,
        "VALID": 0,
        "total": 100.00174281022703
    }
}