{
    "counter": {
        "ACTIVE": 1379,
        "INACTIVE": 717,
        "INVALID": 1212,
        "MALICIOUS": 0,
        "SANE": 0,
        "VALID": 0,
        "total": 3308
    },
    "percentage": {
        "ACTIVE": 44.05750798722045,
        "INACTIVE": 24.141414141414142,
        "INVALID": 36.63845223700121,
        "MALICIOUS": 0,
        "SANE": 0,
        "VALID": 0,
        "total": 104.83737436563581
    }
}