{
    "counter": {
        "ACTIVE": 1300,
        "INACTIVE": 1,
        "INVALID": 0,
        "MALICIOUS": 0,
        "SANE": 0,
        "VALID": 0,
        "total": 1301
    },
    "percentage": {
        "ACTIVE": 99.92313604919293,
        "INACTIVE": 0.25906735751295334,
        "INVALID": 0,
        "MALICIOUS": 0,
        "SANE": 0,
        "VALID": 0,
        "total": 100.18220340670588
    }
}