{
    "counter": {
        "ACTIVE": 2334,
        "INACTIVE": 0,
        "INVALID": 11,
        "MALICIOUS": 0,
        "SANE": 0,
        "VALID": 0,
        "total": 2345
    },
    "percentage": {
        "ACTIVE": 99.53091684434968,
        "INACTIVE": 0,
        "INVALID": 0.47230571060541005,
        "MALICIOUS": 0,
        "SANE": 0,
        "VALID": 0,
        "total": 100.00322255495509
    }
}