{
    "counter": {
        "ACTIVE": 1279,
        "INACTIVE": 715,
        "INVALID": 964,
        "MALICIOUS": 0,
        "SANE": 0,
        "VALID": 0,
        "total": 2958
    },
    "percentage": {
        "ACTIVE": 43.28257191201354,
        "INACTIVE": 26.354589015849612,
        "INVALID": 32.58958755916159,
        "MALICIOUS": 0,
        "SANE": 0,
        "VALID": 0,
        "total": 102.22674848702474
    }
}