{
    "counter": {
        "ACTIVE": 2526,
        "INACTIVE": 2,
        "INVALID": 0,
        "MALICIOUS": 0,
        "SANE": 0,
        "VALID": 0,
        "total": 2528
    },
    "percentage": {
        "ACTIVE": 99.92088607594937,
        "INACTIVE": 0.19011406844106463,
        "INVALID": 0,
        "MALICIOUS": 0,
        "SANE": 0,
        "VALID": 0,
        "total": 100.11100014439043
    }
}