{
    "counter": {
        "ACTIVE": 2225,
        "INACTIVE": 0,
        "INVALID": 2,
        "MALICIOUS": 0,
        "SANE": 0,
        "VALID": 0,
        "total": 2227
    },
    "percentage": {
        "ACTIVE": 99.91019308486753,
        "INACTIVE": 0,
        "INVALID": 0.09111617312072894,
        "MALICIOUS": 0,
        "SANE": 0,
        "VALID": 0,
        "total": 100.00130925798825
    }
}