{
    "counter": {
        "ACTIVE": 255,
        "INACTIVE": 291,
        "INVALID": 328,
        "MALICIOUS": 0,
        "SANE": 0,
        "VALID": 0,
        "total": 874
    },
    "percentage": {
        "ACTIVE": 29.310344827586206,
        "INACTIVE": 33.29519450800915,
        "INVALID": 37.61467889908257,
        "MALICIOUS": 0,
        "SANE": 0,
        "VALID": 0,
        "total": 100.22021823467793
    }
}