{
    "counter": {
        "ACTIVE": 189,
        "INACTIVE": 1,
        "INVALID": 0,
        "MALICIOUS": 0,
        "SANE": 0,
        "VALID": 0,
        "total": 190
    },
    "percentage": {
        "ACTIVE": 99.47368421052632,
        "INACTIVE": 1.1494252873563218,
        "INVALID": 0,
        "MALICIOUS": 0,
        "SANE": 0,
        "VALID": 0,
        "total": 100.62310949788264
    }
}