{
    "counter": {
        "ACTIVE": 2407,
        "INACTIVE": 0,
        "INVALID": 11,
        "MALICIOUS": 0,
        "SANE": 0,
        "VALID": 0,
        "total": 2418
    },
    "percentage": {
        "ACTIVE": 99.54507857733664,
        "INACTIVE": 0,
        "INVALID": 0.45814244064972925,
        "MALICIOUS": 0,
        "SANE": 0,
        "VALID": 0,
        "total": 100.00322101798636
    }
}