{
    "counter": {
        "ACTIVE": 2503,
        "INACTIVE": 0,
        "INVALID": 20,
        "MALICIOUS": 0,
        "SANE": 0,
        "VALID": 0,
        "total": 2523
    },
    "percentage": {
        "ACTIVE": 99.2072929052715,
        "INACTIVE": 0,
        "INVALID": 0.7977662544874352,
        "MALICIOUS": 0,
        "SANE": 0,
        "VALID": 0,
        "total": 100.00505915975894
    }
}