{
    "counter": {
        "ACTIVE": 2572,
        "INACTIVE": 1,
        "INVALID": 5,
        "MALICIOUS": 0,
        "SANE": 0,
        "VALID": 0,
        "total": 2578
    },
    "percentage": {
        "ACTIVE": 99.76726144297905,
        "INACTIVE": 0.038789759503491075,
        "INVALID": 0.1939487975174554,
        "MALICIOUS": 0.0,
        "SANE": 0.0,
        "VALID": 0.0,
        "total": 99.99999999999999
    }
}