{
    "counter": {
        "ACTIVE": 2513,
        "INACTIVE": 0,
        "INVALID": 16,
        "MALICIOUS": 0,
        "SANE": 0,
        "VALID": 0,
        "total": 2529
    },
    "percentage": {
        "ACTIVE": 99.36733886911823,
        "INACTIVE": 0,
        "INVALID": 0.6361829025844931,
        "MALICIOUS": 0,
        "SANE": 0,
        "VALID": 0,
        "total": 100.00352177170272
    }
}