{
    "counter": {
        "ACTIVE": 2524,
        "INACTIVE": 0,
        "INVALID": 15,
        "MALICIOUS": 0,
        "SANE": 0,
        "VALID": 0,
        "total": 2539
    },
    "percentage": {
        "ACTIVE": 99.40921622686096,
        "INACTIVE": 0,
        "INVALID": 0.594059405940594,
        "MALICIOUS": 0,
        "SANE": 0,
        "VALID": 0,
        "total": 100.00327563280156
    }
}