{
    "counter": {
        "ACTIVE": 220,
        "INACTIVE": 136,
        "INVALID": 128,
        "MALICIOUS": 0,
        "SANE": 0,
        "VALID": 0,
        "total": 484
    },
    "percentage": {
        "ACTIVE": 46.908315565031984,
        "INACTIVE": 28.09917355371901,
        "INVALID": 26.501035196687372,
        "MALICIOUS": 0,
        "SANE": 0,
        "VALID": 0,
        "total": 101.50852431543836
    }
}