{
    "counter": {
        "ACTIVE": 1385,
        "INACTIVE": 717,
        "INVALID": 2525,
        "MALICIOUS": 0,
        "SANE": 0,
        "VALID": 0,
        "total": 4627
    },
    "percentage": {
        "ACTIVE": 29.93300194510482,
        "INACTIVE": 24.141414141414142,
        "INVALID": 54.5945945945946,
        "MALICIOUS": 0,
        "SANE": 0,
        "VALID": 0,
        "total": 108.66901068111356
    }
}