{
    "counter": {
        "ACTIVE": 2473,
        "INACTIVE": 0,
        "INVALID": 57,
        "MALICIOUS": 0,
        "SANE": 0,
        "VALID": 0,
        "total": 2530
    },
    "percentage": {
        "ACTIVE": 97.74703557312253,
        "INACTIVE": 0,
        "INVALID": 2.2682053322721845,
        "MALICIOUS": 0,
        "SANE": 0,
        "VALID": 0,
        "total": 100.01524090539472
    }
}