{
    "counter": {
        "ACTIVE": 1751,
        "INACTIVE": 0,
        "INVALID": 1,
        "MALICIOUS": 0,
        "SANE": 0,
        "VALID": 0,
        "total": 1752
    },
    "percentage": {
        "ACTIVE": 99.94292237442923,
        "INACTIVE": 0,
        "INVALID": 33.333333333333336,
        "MALICIOUS": 0,
        "SANE": 0,
        "VALID": 0,
        "total": 133.27625570776257
    }
}