{
    "counter": {
        "ACTIVE": 2395,
        "INACTIVE": 0,
        "INVALID": 7,
        "MALICIOUS": 0,
        "SANE": 0,
        "VALID": 0,
        "total": 2402
    },
    "percentage": {
        "ACTIVE": 99.70857618651124,
        "INACTIVE": 0,
        "INVALID": 0.2933780385582565,
        "MALICIOUS": 0,
        "SANE": 0,
        "VALID": 0,
        "total": 100.0019542250695
    }
}