{
    "counter": {
        "ACTIVE": 2559,
        "INACTIVE": 0,
        "INVALID": 11,
        "MALICIOUS": 0,
        "SANE": 0,
        "VALID": 0,
        "total": 2570
    },
    "percentage": {
        "ACTIVE": 99.57198443579766,
        "INACTIVE": 0,
        "INVALID": 0.4303599374021909,
        "MALICIOUS": 0,
        "SANE": 0,
        "VALID": 0,
        "total": 100.00234437319985
    }
}