{
    "counter": {
        "ACTIVE": 2482,
        "INACTIVE": 6,
        "INVALID": 0,
        "MALICIOUS": 0,
        "SANE": 0,
        "VALID": 0,
        "total": 2488
    },
    "percentage": {
        "ACTIVE": 99.7588424437299,
        "INACTIVE": 0.38684719535783363,
        "INVALID": 0,
        "MALICIOUS": 0,
        "SANE": 0,
        "VALID": 0,
        "total": 100.14568963908773
    }
}