{
    "counter": {
        "ACTIVE": 2381,
        "INACTIVE": 1,
        "INVALID": 13,
        "MALICIOUS": 0,
        "SANE": 0,
        "VALID": 0,
        "total": 2395
    },
    "percentage": {
        "ACTIVE": 99.41544885177453,
        "INACTIVE": 0.06443298969072164,
        "INVALID": 0.5459890802183957,
        "MALICIOUS": 0,
        "SANE": 0,
        "VALID": 0,
        "total": 100.02587092168363
    }
}