{
    "counter": {
        "ACTIVE": 291,
        "INACTIVE": 431,
        "INVALID": 514,
        "MALICIOUS": 0,
        "SANE": 0,
        "VALID": 0,
        "total": 1236
    },
    "percentage": {
        "ACTIVE": 23.658536585365855,
        "INACTIVE": 34.8705501618123,
        "INVALID": 41.61943319838057,
        "MALICIOUS": 0,
        "SANE": 0,
        "VALID": 0,
        "total": 100.14851994555872
    }
}