{
    "counter": {
        "GoDaddy.com, LLC": 1,
        "NameCheap, Inc.": 1,
        "OVH sas": 1,
        "total": 3
    },
    "percentage": {
        "GoDaddy.com, LLC": 33.333333333333336,
        "NameCheap, Inc.": 33.333333333333336,
        "OVH sas": 33.333333333333336,
        "total": 100.0
    }
}