{
    "counter": {
        "Alibaba Cloud Computing (Beijing) Co., Ltd.": 1,
        "Amazon Registrar, Inc.": 2,
        "CSC Corporate Domains, Inc.": 5,
        "CloudFlare, Inc.": 3,
        "GANDI": 2,
        "GoDaddy.com, LLC": 3,
        "MarkMonitor Inc.": 1,
        "NAMESHIELD SAS": 1,
        "NameCheap, Inc.": 1,
        "NetRegistry Pty Ltd.": 3,
        "Network Solutions, LLC": 2,
        "Nom-iq Ltd. dba COM LAUDE": 2,
        "OVH": 1,
        "OVH sas": 1,
        "SDV6TM": 2,
        "SafeBrands SAS": 2,
        "Tucows Domains Inc.": 1,
        "Web Commerce Communications Limited dba WebNic.cc": 1,
        "total": 34
    },
    "percentage": {
        "Alibaba Cloud Computing (Beijing) Co., Ltd.": 2.9411764705882355,
        "Amazon Registrar, Inc.": 5.882352941176471,
        "CSC Corporate Domains, Inc.": 14.705882352941176,
        "CloudFlare, Inc.": 8.823529411764707,
        "GANDI": 5.882352941176471,
        "GoDaddy.com, LLC": 8.823529411764707,
        "MarkMonitor Inc.": 2.9411764705882355,
        "NAMESHIELD SAS": 2.9411764705882355,
        "NameCheap, Inc.": 2.9411764705882355,
        "NetRegistry Pty Ltd.": 8.823529411764707,
        "Network Solutions, LLC": 5.882352941176471,
        "Nom-iq Ltd. dba COM LAUDE": 5.882352941176471,
        "OVH": 2.9411764705882355,
        "OVH sas": 2.9411764705882355,
        "SDV6TM": 5.882352941176471,
        "SafeBrands SAS": 5.882352941176471,
        "Tucows Domains Inc.": 2.9411764705882355,
        "Web Commerce Communications Limited dba WebNic.cc": 2.9411764705882355,
        "total": 99.99999999999997
    }
}