{
    "counter": {
        "CloudFlare, Inc.": 1,
        "GoDaddy.com, LLC": 4,
        "Network Solutions, LLC": 4,
        "Tucows Domains Inc.": 1,
        "eNom, LLC": 1,
        "total": 11
    },
    "percentage": {
        "CloudFlare, Inc.": 9.090909090909092,
        "GoDaddy.com, LLC": 36.36363636363637,
        "Network Solutions, LLC": 36.36363636363637,
        "Tucows Domains Inc.": 9.090909090909092,
        "eNom, LLC": 9.090909090909092,
        "total": 100.00000000000001
    }
}