{
    "counter": {
        "GoDaddy.com, LLC": 5,
        "Network Solutions, LLC": 4,
        "Tucows Domains Inc.": 1,
        "eNom, LLC": 1,
        "total": 11
    },
    "percentage": {
        "GoDaddy.com, LLC": 45.45454545454545,
        "Network Solutions, LLC": 36.36363636363637,
        "Tucows Domains Inc.": 9.090909090909092,
        "eNom, LLC": 9.090909090909092,
        "total": 100.0
    }
}