{
    "counter": {
        "GoDaddy.com, LLC": 2,
        "eNom, LLC": 1,
        "total": 3
    },
    "percentage": {
        "GoDaddy.com, LLC": 66.66666666666667,
        "eNom, LLC": 33.333333333333336,
        "total": 100.0
    }
}