{
    "counter": {
        "CSC Corporate Domains, Inc.": 4,
        "GANDI": 2,
        "GoDaddy.com, LLC": 4,
        "Key-Systems GmbH": 4,
        "LEXSYNERGY LIMITED": 4,
        "NameCheap, Inc.": 2,
        "Nom-iq Ltd. dba COM LAUDE": 4,
        "TLDS L.L.C. d/b/a SRSPlus": 2,
        "total": 26
    },
    "percentage": {
        "CSC Corporate Domains, Inc.": 15.384615384615385,
        "GANDI": 7.6923076923076925,
        "GoDaddy.com, LLC": 15.384615384615385,
        "Key-Systems GmbH": 15.384615384615385,
        "LEXSYNERGY LIMITED": 15.384615384615385,
        "NameCheap, Inc.": 7.6923076923076925,
        "Nom-iq Ltd. dba COM LAUDE": 15.384615384615385,
        "TLDS L.L.C. d/b/a SRSPlus": 7.6923076923076925,
        "total": 100.0
    }
}