{
    "counter": {
        "CloudFlare, Inc.": 3,
        "GoDaddy.com, LLC": 11,
        "Key-Systems": 1,
        "NameCheap, Inc.": 2,
        "Network Solutions, LLC": 4,
        "OVH sas": 2,
        "SafeBrands SAS": 1,
        "Tucows Domains Inc.": 1,
        "eNom, LLC": 1,
        "total": 26
    },
    "percentage": {
        "CloudFlare, Inc.": 11.538461538461538,
        "GoDaddy.com, LLC": 42.30769230769231,
        "Key-Systems": 3.8461538461538463,
        "NameCheap, Inc.": 7.6923076923076925,
        "Network Solutions, LLC": 15.384615384615385,
        "OVH sas": 7.6923076923076925,
        "SafeBrands SAS": 3.8461538461538463,
        "Tucows Domains Inc.": 3.8461538461538463,
        "eNom, LLC": 3.8461538461538463,
        "total": 99.99999999999999
    }
}