{
    "counter": {
        "CSC Corporate Domains, Inc.": 1,
        "NameCheap, Inc.": 2,
        "Network Solutions, LLC": 2,
        "OVH sas": 1,
        "total": 6
    },
    "percentage": {
        "CSC Corporate Domains, Inc.": 16.666666666666668,
        "NameCheap, Inc.": 33.333333333333336,
        "Network Solutions, LLC": 33.333333333333336,
        "OVH sas": 16.666666666666668,
        "total": 100.00000000000001
    }
}