{
    "counter": {
        "CSC Corporate Domains, Inc.": 1,
        "GoDaddy.com, LLC": 1,
        "NameCheap, Inc.": 3,
        "OVH sas": 1,
        "total": 6
    },
    "percentage": {
        "CSC Corporate Domains, Inc.": 16.666666666666668,
        "GoDaddy.com, LLC": 16.666666666666668,
        "NameCheap, Inc.": 50.0,
        "OVH sas": 16.666666666666668,
        "total": 100.00000000000001
    }
}