{
    "counter": {
        "CSC Corporate Domains, Inc.": 2,
        "CloudFlare, Inc.": 2,
        "GoDaddy.com, LLC": 2,
        "IONOS SE": 2,
        "Moniker Online Services LLC": 2,
        "NameCheap, Inc.": 10,
        "Network Solutions, LLC": 4,
        "SDV6TM": 4,
        "total": 28
    },
    "percentage": {
        "CSC Corporate Domains, Inc.": 7.142857142857143,
        "CloudFlare, Inc.": 7.142857142857143,
        "GoDaddy.com, LLC": 7.142857142857143,
        "IONOS SE": 7.142857142857143,
        "Moniker Online Services LLC": 7.142857142857143,
        "NameCheap, Inc.": 35.714285714285715,
        "Network Solutions, LLC": 14.285714285714286,
        "SDV6TM": 14.285714285714286,
        "total": 100.00000000000001
    }
}