{
    "counter": {
        "1API GmbH": 1,
        "Amazon Registrar, Inc.": 4,
        "CSC Corporate Domains, Inc.": 1,
        "GoDaddy.com, LLC": 1,
        "MarkMonitor Inc.": 1,
        "Network Solutions, LLC": 6,
        "Rebel Ltd": 1,
        "Tucows Domains Inc.": 1,
        "Webnames.ca Inc.": 1,
        "eNom, LLC": 1,
        "nicar": 1,
        "total": 19
    },
    "percentage": {
        "1API GmbH": 5.2631578947368425,
        "Amazon Registrar, Inc.": 21.05263157894737,
        "CSC Corporate Domains, Inc.": 5.2631578947368425,
        "GoDaddy.com, LLC": 5.2631578947368425,
        "MarkMonitor Inc.": 5.2631578947368425,
        "Network Solutions, LLC": 31.57894736842105,
        "Rebel Ltd": 5.2631578947368425,
        "Tucows Domains Inc.": 5.2631578947368425,
        "Webnames.ca Inc.": 5.2631578947368425,
        "eNom, LLC": 5.2631578947368425,
        "nicar": 5.2631578947368425,
        "total": 100.00000000000003
    }
}