{
    "counter": {
        "CSC Corporate Domains, Inc.": 4,
        "EuroDNS S.A.": 2,
        "GANDI": 2,
        "GoDaddy.com, LLC": 4,
        "Key-Systems GmbH": 4,
        "LEXSYNERGY LIMITED": 4,
        "NameCheap, Inc.": 2,
        "Nom-iq Ltd. dba COM LAUDE": 4,
        "TLDS L.L.C. d/b/a SRSPlus": 2,
        "total": 28
    },
    "percentage": {
        "CSC Corporate Domains, Inc.": 14.285714285714286,
        "EuroDNS S.A.": 7.142857142857143,
        "GANDI": 7.142857142857143,
        "GoDaddy.com, LLC": 14.285714285714286,
        "Key-Systems GmbH": 14.285714285714286,
        "LEXSYNERGY LIMITED": 14.285714285714286,
        "NameCheap, Inc.": 7.142857142857143,
        "Nom-iq Ltd. dba COM LAUDE": 14.285714285714286,
        "TLDS L.L.C. d/b/a SRSPlus": 7.142857142857143,
        "total": 100.0
    }
}