{
    "counter": {
        "CloudFlare, Inc.": 1,
        "GoDaddy.com, LLC": 5,
        "Network Solutions, LLC": 4,
        "Tucows Domains Inc.": 1,
        "eNom, LLC": 1,
        "total": 12
    },
    "percentage": {
        "CloudFlare, Inc.": 8.333333333333334,
        "GoDaddy.com, LLC": 41.666666666666664,
        "Network Solutions, LLC": 33.333333333333336,
        "Tucows Domains Inc.": 8.333333333333334,
        "eNom, LLC": 8.333333333333334,
        "total": 99.99999999999999
    }
}