{
    "counter": {
        "1API GmbH": 4,
        "Amazon Registrar, Inc.": 6,
        "CSC Corporate Domains, Inc.": 8,
        "CloudFlare, Inc.": 12,
        "Dynadot, LLC": 2,
        "FastDomain Inc.": 2,
        "GANDI": 4,
        "GoDaddy.com, LLC": 46,
        "Google LLC": 2,
        "Key-Systems GmbH": 2,
        "MarkMonitor Inc.": 10,
        "NAMESHIELD SAS": 2,
        "NameCheap, Inc.": 8,
        "NameSilo, LLC": 4,
        "Netcom.cm Sarl": 4,
        "Network Solutions, LLC": 10,
        "OVH": 4,
        "SDV6TM": 4,
        "SafeBrands SAS": 2,
        "Tucows Domains Inc.": 8,
        "eNom, LLC": 4,
        "easyDNS Technologies Inc.": 6,
        "total": 154
    },
    "percentage": {
        "1API GmbH": 2.5974025974025974,
        "Amazon Registrar, Inc.": 3.896103896103896,
        "CSC Corporate Domains, Inc.": 5.194805194805195,
        "CloudFlare, Inc.": 7.792207792207792,
        "Dynadot, LLC": 1.2987012987012987,
        "FastDomain Inc.": 1.2987012987012987,
        "GANDI": 2.5974025974025974,
        "GoDaddy.com, LLC": 29.87012987012987,
        "Google LLC": 1.2987012987012987,
        "Key-Systems GmbH": 1.2987012987012987,
        "MarkMonitor Inc.": 6.4935064935064934,
        "NAMESHIELD SAS": 1.2987012987012987,
        "NameCheap, Inc.": 5.194805194805195,
        "NameSilo, LLC": 2.5974025974025974,
        "Netcom.cm Sarl": 2.5974025974025974,
        "Network Solutions, LLC": 6.4935064935064934,
        "OVH": 2.5974025974025974,
        "SDV6TM": 2.5974025974025974,
        "SafeBrands SAS": 1.2987012987012987,
        "Tucows Domains Inc.": 5.194805194805195,
        "eNom, LLC": 2.5974025974025974,
        "easyDNS Technologies Inc.": 3.896103896103896,
        "total": 99.99999999999997
    }
}